{
  "beers": [
    {
      "id": 1,
      "name": "Oh So Flattening",
      "description": "A light, crisp and bitter IPA brewed with English and American hops. A small batch brewed only once.",
      "image_url": "https://images.punkapi.com/v2/9.png",
      "reviews": [
        "It's flat! Just the way I like it!!",
        "Is this the real beer, is this just fantasy?",
        "I've always hated bubbles going up my nose, so this is absolutely delightful.",
        "Flat straight out of the bottle! No more waiting for the fizziness to subside. Thank you FlattaBeer!! I love you!!!"
      ]
    },
    {
      "id": 2,
      "name": "Pilsen Lager",
      "description": "Our Unleash the Yeast series was an epic experiment into the differences in aroma and flavour provided by switching up your yeast. We brewed up a wort with a light caramel note and some toasty biscuit flavour, and hopped it with Amarillo and Centennial for a citrusy bitterness. Everything else is down to the yeast. Pilsner yeast ferments with no fruity esters or spicy phenols, although it can add a hint of butterscotch.",
      "image_url": "https://images.punkapi.com/v2/4.png",
      "reviews": [
        "Spicy crab cakes, say what?!",
        "My mum hates it"
      ]
    },
    {
      "id": 3,
      "name": "Avery Brown Dredge",
      "description": "We let it sit out in the open air for 12 hours for perfect flatness and add brown sauce for more brownness.",
      "image_url": "https://images.punkapi.com/v2/5.png",
      "reviews": [
        "Tastes like a weird squid"
      ]
    },
    {
      "id": 4,
      "name": "Electric India",
      "description": "Tastes like memories",
      "image_url": "https://images.punkapi.com/v2/6.png",
      "reviews": [
        "I remember nothing"
      ]
    },
    {
      "id": 5,
      "name": "AB:12",
      "description": "An Imperial Black Belgian Ale aged in old Invergordon Scotch whisky barrels with mountains of raspberries, tayberries and blackberries in each cask. Decadent but light and dry, this beer would make a fantastic base for ageing on pretty much any dark fruit - we used raspberries, tayberries and blackberries beause they were local.",
      "image_url": "https://images.punkapi.com/v2/7.png",
      "reviews": [
        "I lost my pet squirrel to this beer",
        "Where's the beef?!"
      ]
    },
    {
      "id": 6,
      "name": "AB:07",
      "description": "Whisky cask-aged imperial scotch ale. Beer perfect for when the rain is coming sideways. Liquorice, plum and raisin temper the warming alcohol, producing a beer capable of holding back the Scottish chill.",
      "image_url": "https://images.punkapi.com/v2/9.png",
      "reviews": [
        "I like to drink this while watching TV",
        "A beer like no other, best served hot"
      ]
    },
    {
      "id": 7,
      "name": "Bramling X",
      "description": "Good old Bramling Cross is elegant, refined, assured, (boring) and understated. Understated that is unless you hop the living daylights out of a beer with it. This is Bramling Cross re-invented and re-imagined, and shows just what can be done with English hops if you use enough of them. Poor Bramling Cross normally gets lost in a woeful stream of conformist brown ales made by sleepy cask ale brewers. But not anymore. This beer shows that British hops do have some soul, and is a fruity riot of blackberries, pears, and plums. Reminds me of the bramble, apple and ginger jam my grandmother used to make.",
      "image_url": "https://images.punkapi.com/v2/10.png",
      "reviews": [
        "Like a river of joy"
      ]
    },
    {
      "id": 8,
      "name": "Misspent Youth",
      "description": "The brainchild of our small batch brewer, George Woods. A dangerously drinkable milk sugar- infused Scotch Ale.",
      "image_url": "https://images.punkapi.com/v2/keg.png",
      "reviews": [
        "Woe is me, how I long for the days of yore",
        "Reminds me of that time I wasted all of my time",
        "It's a flavor that makes you wonder: 'Who is the boss: Angela or Tony?'"
      ]
    },
    {
      "id": 9,
      "name": "Arcade Nation",
      "description": "Running the knife-edge between an India Pale Ale and a Stout, this particular style is one we truly love. Black IPAs are a great showcase for the skill of our brew team, balancing so many complex and twisting flavours in the same moment. The citrus, mango and pine from the hops – three of our all-time favourites – play off against the roasty dryness from the malt bill at each and every turn.",
      "image_url": "https://images.punkapi.com/v2/12.png",
      "reviews": [
        "Pew pew"
      ]
    },
    {
      "id": 10,
      "name": "Movember",
      "description": "A deliciously robust, black malted beer with a decadent dark, dry cocoa flavour that provides an enticing backdrop to the Cascade hops.",
      "image_url": "https://images.punkapi.com/v2/13.png",
      "reviews": [
        "Like autumn leaves readying themselves for the winter sun",
        "Beep beep, you're having a beer"
      ]
    }
  ]
}